{
  "luis_schema_version": "7.0.0",
  "intents": [
    {
      "name": "None",
      "features": []
    },
    {
      "name": "paintingAuthor",
      "features": []
    },
    {
      "name": "paintingDate",
      "features": []
    },
    {
      "name": "paintingName",
      "features": []
    },
    {
      "name": "paintingStyle",
      "features": []
    },
    {
      "name": "paintingTechnique",
      "features": []
    }
  ],
  "entities": [],
  "hierarchicals": [],
  "composites": [],
  "closedLists": [],
  "prebuiltEntities": [],
  "utterances": [
    {
      "text": "accomplished year",
      "intent": "paintingDate",
      "entities": []
    },
    {
      "text": "artist",
      "intent": "paintingAuthor",
      "entities": []
    },
    {
      "text": "author",
      "intent": "paintingAuthor",
      "entities": []
    },
    {
      "text": "completed time",
      "intent": "paintingDate",
      "entities": []
    },
    {
      "text": "completed year",
      "intent": "paintingDate",
      "entities": []
    },
    {
      "text": "created time",
      "intent": "paintingDate",
      "entities": []
    },
    {
      "text": "date",
      "intent": "paintingDate",
      "entities": []
    },
    {
      "text": "finish year",
      "intent": "paintingDate",
      "entities": []
    },
    {
      "text": "how",
      "intent": "paintingTechnique",
      "entities": []
    },
    {
      "text": "how was this work painted?",
      "intent": "paintingTechnique",
      "entities": []
    },
    {
      "text": "method",
      "intent": "paintingTechnique",
      "entities": []
    },
    {
      "text": "name",
      "intent": "paintingName",
      "entities": []
    },
    {
      "text": "name of this work",
      "intent": "paintingName",
      "entities": []
    },
    {
      "text": "painted date",
      "intent": "paintingDate",
      "entities": []
    },
    {
      "text": "painter",
      "intent": "paintingAuthor",
      "entities": []
    },
    {
      "text": "style",
      "intent": "paintingStyle",
      "entities": []
    },
    {
      "text": "technique",
      "intent": "paintingTechnique",
      "entities": []
    },
    {
      "text": "this painting was painted by who?",
      "intent": "paintingAuthor",
      "entities": []
    },
    {
      "text": "title",
      "intent": "paintingName",
      "entities": []
    },
    {
      "text": "title of this work",
      "intent": "paintingName",
      "entities": []
    },
    {
      "text": "type of painting technique",
      "intent": "paintingTechnique",
      "entities": []
    },
    {
      "text": "type of the painting style",
      "intent": "paintingStyle",
      "entities": []
    },
    {
      "text": "way",
      "intent": "paintingTechnique",
      "entities": []
    },
    {
      "text": "what is the name of the painting?",
      "intent": "paintingName",
      "entities": []
    },
    {
      "text": "what is the painting method?",
      "intent": "paintingTechnique",
      "entities": []
    },
    {
      "text": "what is the painting's style?",
      "intent": "paintingStyle",
      "entities": []
    },
    {
      "text": "what is the style?",
      "intent": "paintingStyle",
      "entities": []
    },
    {
      "text": "what is the technique?",
      "intent": "paintingTechnique",
      "entities": []
    },
    {
      "text": "what is the title of the painting?",
      "intent": "paintingName",
      "entities": []
    },
    {
      "text": "what kind?",
      "intent": "paintingStyle",
      "entities": []
    },
    {
      "text": "what method?",
      "intent": "paintingTechnique",
      "entities": []
    },
    {
      "text": "what style?",
      "intent": "paintingStyle",
      "entities": []
    },
    {
      "text": "what time",
      "intent": "paintingDate",
      "entities": []
    },
    {
      "text": "when",
      "intent": "paintingDate",
      "entities": []
    },
    {
      "text": "when was the painting accomplished?",
      "intent": "paintingDate",
      "entities": []
    },
    {
      "text": "when was the painting completed?",
      "intent": "paintingDate",
      "entities": []
    },
    {
      "text": "when was this work created?",
      "intent": "paintingDate",
      "entities": []
    },
    {
      "text": "when was this work finished?",
      "intent": "paintingDate",
      "entities": []
    },
    {
      "text": "which style is this?",
      "intent": "paintingStyle",
      "entities": []
    },
    {
      "text": "which technique is this?",
      "intent": "paintingTechnique",
      "entities": []
    },
    {
      "text": "which year was this work painted?",
      "intent": "paintingDate",
      "entities": []
    },
    {
      "text": "which year?",
      "intent": "paintingDate",
      "entities": []
    },
    {
      "text": "who",
      "intent": "paintingAuthor",
      "entities": []
    },
    {
      "text": "who accomplished the painting?",
      "intent": "paintingAuthor",
      "entities": []
    },
    {
      "text": "who created this work?",
      "intent": "paintingAuthor",
      "entities": []
    },
    {
      "text": "who done this work?",
      "intent": "paintingAuthor",
      "entities": []
    },
    {
      "text": "who drew it?",
      "intent": "paintingAuthor",
      "entities": []
    },
    {
      "text": "who is the author?",
      "intent": "paintingAuthor",
      "entities": []
    },
    {
      "text": "who is the painter?",
      "intent": "paintingAuthor",
      "entities": []
    },
    {
      "text": "who painted it?",
      "intent": "paintingAuthor",
      "entities": []
    },
    {
      "text": "work name",
      "intent": "paintingName",
      "entities": []
    },
    {
      "text": "work title",
      "intent": "paintingName",
      "entities": []
    }
  ],
  "versionId": "0.1",
  "name": "art-LUIS-app",
  "desc": "",
  "culture": "en-us",
  "tokenizerVersion": "1.0.0",
  "patternAnyEntities": [],
  "regex_entities": [],
  "phraselists": [],
  "regex_features": [],
  "patterns": [],
  "settings": []
}